<?xml version="1.0" encoding="UTF-8"?>
<beans xmlns="http://www.springframework.org/schema/beans"
	xmlns:xsi="http://www.w3.org/2001/XMLSchema-instance" 
	xmlns:aop="http://www.springframework.org/schema/aop"
	xsi:schemaLocation="http://www.springframework.org/schema/beans 
	http://www.springframework.org/schema/beans/spring-beans-4.0.xsd">


	<bean id="employee" class="com.cg.spring.bean.EmployeeBean">
				
		<property name="empId"><value>100</value></property>
		<property name="empName"><value>Rama</value></property>
		<property name="salary"><value>12345.67</value></property>
	</bean>
	
	<bean id="employee1" class="com.cg.spring.bean.EmployeeBean">
				
		<property name="empId"><value>101</value></property>
		<property name="empName"><value>Yama</value></property>
		<property name="salary"><value>18345.67</value></property>
	</bean>
</beans>