<?xml version="1.0" encoding="UTF-8"?>
<beans xmlns="http://www.springframework.org/schema/beans"
	xmlns:xsi="http://www.w3.org/2001/XMLSchema-instance" 
	xmlns:aop="http://www.springframework.org/schema/aop"
	xsi:schemaLocation="http://www.springframework.org/schema/beans 
	http://www.springframework.org/schema/beans/spring-beans-4.0.xsd">

<bean id="employee"	class="com.cg.spring.injection.EmployeeBean">
				
		<property name="empId"><value>12345</value></property>
		<property name="empName"><value>Harriet</value></property>
		<property name="salary"><value>40000.0</value></property>
		<property name="age"><value>30</value></property>
		<property name="sbu" ref = "Sbu"></property>
	</bean>
	
	<bean id="Sbu" class="com.cg.spring.injection.SBU">
	<property name="sbuCode"><value>1001</value></property>
	<property name="sbuHead"><value>Kiran Rao</value></property>
	<property name="sbuName"><value>Product Engineering Services</value></property>
	</bean>
	</beans>